{
    "projectionMatrix":[
        1.586831,
        0,
        0,
        0,
        0,
        1.42814779,
        0,
        0,
        0,
        0,
        -1.00002,
        -0.0200002,
        0,
        0,
        -1,
        0
    ],
    "projectionMatrixV1":[
        1.42857146,
        0,
        0,
        0,
        0,
        1.17647064,
        -0.6470588,
        0,
        0,
        0,
        -1.00014,
        -0.1400098,
        0,
        0,
        -1,
        0
    ]
}