{
    "projectionMatrix":[
        1.586831,
        0,
        0,
        0,
        0,
        1.42814779,
        0,
        0,
        0,
        0,
        -1.00002,
        -0.0200002,
        0,
        0,
        -1,
        0
    ],
    "pixelRect":{
        "r00": [393.8131, 1724.208],
        "r01": [393.8131, 323.7924],
        "r11": [1654.187, 323.7924],
        "r10": [1654.187, 1724.208]
    },
    "projectionMatrixV1":[
        1.42857146,
        0,
        0,
        0,
        0,
        1.17647064,
        -0.6470588,
        0,
        0,
        0,
        -1.00014,
        -0.1400098,
        0,
        0,
        -1,
        0
    ]
}