{
    "baseline": 0.0593596628898361,
    "leftCameraMatrix": [
        [
            431.99942156,
            0.0,
            355.70745992
        ],
        [
            0.0,
            431.32088435,
            244.78088933
        ],
        [
            0.0,
            0.0,
            1.0
        ]
    ],
    "rightCameraMatrix": [
        [
            429.49450432,
            0.0,
            350.97485348
        ],
        [
            0.0,
            428.03656875,
            248.1904496
        ],
        [
            0.0,
            0.0,
            1.0
        ]
    ],
    "leftDistCoeffs": [
        -0.40838676,
        0.19634581,
        -0.00156440,
        0.00037586,
        -0.05199837
    ],
    "rightDistCoeffs": [
        -0.39850247,
        0.17222501,
        -0.00057355,
        0.00119456,
        -0.03683863
    ],
    "R1": [
        [0.9997035619025786, 0.0017623751701408392, 0.024283376063817315],
        [-0.001675929037849062, 0.9999921881835431, -0.0035797812432405863],
        [-0.02428949528411817, 0.003538022844617295, 0.999698706017565]
    ],
    "R2": [
        [0.999372823432578, -0.00013087250615622314, 0.035411052748886986],
        [4.818102333088533e-06, 0.9999936638470428, 0.003559809342289734],
        [-0.03541129426021045, -0.0035574060992098937, 0.9993664918840647]
    ],
    "imageWidth": 640,
    "imageHeight": 480
}