{
    "left_uv_to_rect_x": [ -0.5526813303683414, 0.3167376847497637, -0.5325111588253695, 0.0436975964777538, 1.1652425117786211, -0.7117284752142472, 0.9380961910200006, -0.39630305786977, -0.49459641273602406, 0.717349659675083, -1.035258187927347, 0.5241293331132398, 0.3850117911254485, -0.5735119000021595, 0.5783683650708108, -0.2271392888720393 ],
    "left_uv_to_rect_y": [ -0.728042105414416, 1.367483218147842, -0.6390099291333601, 0.3193411225899362, 0.1011006993313071, -0.04828127117000943, 0.3237652033857098, -0.16365396018429879, -0.13951474083320942, 0.6433733676445464, -1.1589180812442086, 0.6325034530563995, 0.009372869325244225, -0.19605995276214416, 0.6012595052274381, -0.2874984563994061 ],
    "right_uv_to_rect_x": [ -0.5108814509276273, 0.25955561653979686, 0.03799038649123818, 0.06085172963785018, 1.3485264044181016, -1.0634943421263887, 0.6966100209868393, -0.07437855343473149, -0.6787841003731503, 1.1686927912152996, -1.0550043013394086, 0.36971077257874124, 0.3942674553653212, -0.7143556008792303, 0.8938175766700927, -0.4177926656067369 ],
    "right_uv_to_rect_y": [ -0.7677838958803546, 1.7975564790299485, -0.9133713714886547, 0.5200992454255212, 0.21257184784980698, -0.8866037018469419, 0.5466067648749297, -0.4237481564296772, -0.18909098197057592, 0.3971764683060952, 0.06836686491666488, 0.09325529207622485, 0.017750298961355254, 0.05399976166651263, -0.3144212013615929, 0.10794734918861959 ]
}